id;title;article_text;time_posted;likes
1;Division Principal;Tasty;2023-08-30T04:26:19;70915
2;indigo Shoes;California;2023-08-30T18:49:43;22587
3;parse;Silver Kentucky Buckinghamshire;2023-08-30T07:28:27;53837
4;Afghanistan incentivize;Steel Missouri Industrial;2023-08-30T14:16:37;29068
5;Fresh XSS;navigate virtual;2023-08-30T09:18:53;11458
6;generate;withdrawal Central;2023-08-30T11:05:08;33321
7;Circle Assistant transparent;User-centric deposit enable;2023-08-30T17:29:46;2681
8;Wooden Integrated;discrete Frozen Generic;2023-08-30T19:35:03;39081
9;Cotton Peso;Designer Dynamic;2023-08-30T11:27:55;39296
10;ivory Steel Plaza;Rubber Home JBOD;2023-08-30T07:35:07;16546
